商品类别,gmv,orders,gmv_pct
电子产品,32727513.39,2145,0.4996477119811111
家居,16597965.25,2156,0.2533994948494463
玩具,3290423.72,2163,0.050234573692015415
服装,3273033.42,2151,0.04996907770085587
书籍,3271333.66,2145,0.04994312763294828
运动,3214794.24,2183,0.049079945896435086
美妆,3126113.66,2057,0.04772606824718793
